Feature,CSI,Status
LIMIT_BAL,0.10341655101938646,⚠ WARNING
AGE,0.17587024170677157,⚠ WARNING
PAY_0,0.1112265862644223,⚠ WARNING
PAY_1,0.07785359500835853,✓ OK
BILL_AMT1,0.26933585878985083,❌ CRITICAL
PAY_AMT1,0.001787607898640071,✓ OK
