Period,AUC,Precision,Recall,F1,Brier,Default_Rate_Actual,Default_Rate_Predicted
Baseline (Test),0.5265698211320703,0.3333333333333333,0.004181184668989547,0.008258774948382657,0.13454717197952945,0.15944444444444444,0.16023579057318812
Month 1,0.5512346889701477,0.375,0.0037641154328732747,0.007453416149068323,0.13350287829176455,0.1594,0.16020808853737356
Month 2,0.5272829372007654,0.25,0.002355712603062426,0.004667444574095682,0.14227064350996327,0.1698,0.15962796937221155
Month 3,0.5065357172147954,0.14285714285714285,0.0022471910112359553,0.004424778761061947,0.14848758238087506,0.178,0.16184791018901246
Month 4,0.543311418069959,0.375,0.002827521206409048,0.005612722170252572,0.16996855941454447,0.2122,0.16196503830077694
Month 5,0.5418997362562928,0.14285714285714285,0.0017683465959328027,0.0034934497816593887,0.17940380952350052,0.2262,0.16378541090686427
Month 6,0.5329092418585983,0.06666666666666667,0.0016736401673640166,0.0032653061224489797,0.1896034582254489,0.239,0.16660975709745895
