Period,PSI,Status
Month 1,0.002329685132223671,✓ OK
Month 2,0.0016088252161987125,✓ OK
Month 3,0.01034859959135095,✓ OK
Month 4,0.025700604716681487,✓ OK
Month 5,0.05920303801075861,✓ OK
Month 6,0.08022351487943981,✓ OK
